RI,Na,Mg,Al,Si,K,Ca,Ba,Fe,Type
1.185950556389029,0.32145584716062375,1.2546385680911576,-0.7745291455246253,-1.4544382089843741,-1.3829589059219698,-0.1647939056845025,-0.35287682825777533,-0.6102406987989208,1
-0.2884580293926122,0.6941078043240709,0.6361680303200007,-0.16977470183966603,0.12146803141708803,0.23511381556028285,-1.0769284052955448,-0.35287682825777533,-0.6102406987989208,1
-0.9085769345889176,0.15748898600870517,0.6014224944901602,0.24890145148069018,0.5527686866848402,-0.11161605332877117,-1.1265009324483186,-0.35287682825777533,-0.6102406987989208,1
-0.26677555018989574,-0.31950551916050507,0.698709994813713,-0.3325932059086936,-0.07759380947573517,0.5818436844493369,-0.6902626935039068,-0.35287682825777533,-0.6102406987989208,1
-0.3708514503627231,-0.23006904944127962,0.6500662446519367,-0.4488921373865705,0.7020650673544576,0.5047926024739919,-0.8389802749622293,-0.35287682825777533,-0.6102406987989208,1
-1.0039798430807163,-0.9455608071950989,0.6431171374859685,0.4349797418452932,0.5195917132027109,0.8515224713630459,-0.8389802749622293,-0.35287682825777533,2.3042479261943805,1
-0.36651495452216054,-0.18535081458166425,0.6361680303200007,-0.6814900003423242,0.7186535540955341,0.6203692254370096,-0.7398352206566815,-0.35287682825777533,-0.6102406987989208,1
-0.31014050859523246,-0.4089419888797331,0.6431171374859685,-0.8908280770025021,0.9674808552115396,0.5818436844493369,-0.6704336826427976,-0.35287682825777533,-0.6102406987989208,1
0.3923718175712802,0.9176989786221372,0.6222698159880645,-0.14651491554409066,-0.9567836067523396,0.5433181434616646,-0.6109466500594682,-0.35287682825777533,-0.6102406987989208,1
-0.314477004435795,-0.632533163177802,0.6361680303200007,-0.16977470183966603,0.5527686866848402,0.5818436844493369,-0.5118015957539205,-0.35287682825777533,0.6228121810059373,1
-1.1123922390941061,-1.0499033552008619,0.5388805299964478,0.29542102407184095,0.9011269082472808,0.9670990943260641,-0.81915126410112,-0.35287682825777533,2.0800564935025876,1
-0.2797850377114871,-0.9306547289085587,0.677862673315809,-0.37911277849984437,0.5859456601669931,0.6974203074123551,-0.3531695088650434,-0.35287682825777533,-0.6102406987989208,1
-1.0343353139644615,-0.8114061026162555,0.5180332084985437,-0.07673555665736505,1.033834802175822,1.0441501763014092,-0.8588092858233384,-0.35287682825777533,2.0800564935025876,1
-0.3448324753195403,-0.8412182591893332,0.6083716016561284,-0.37911277849984437,0.9177153949883338,0.4662670614863192,-0.5316306066150297,-0.35287682825777533,1.2953864790813145,1
-0.2797850377114871,-1.2138702163527806,0.6292189231540324,-0.2860736333175429,1.0504232889168983,0.6203692254370096,-0.4126565414483727,-0.35287682825777533,-0.6102406987989208,1
-0.2884580293926122,-0.9157486506220212,0.5944733873241923,-0.47215192368214587,0.9674808552115396,0.6203692254370096,-0.5217161011844751,-0.35287682825777533,-0.6102406987989208,1
-0.1887186250602511,-1.1095276683470148,0.6848117804817769,-0.6349704277511735,0.7518305275776634,0.7359458484000277,-0.21436643283727724,-0.35287682825777533,-0.6102406987989208,1
1.5979176612397759,1.39469348379135,0.809895709469202,-1.2629846577317079,-2.1511546521092315,-1.0362290370329157,0.2317863115376902,-0.35287682825777533,-0.6102406987989208,1
0.36201634668753485,0.7090138826106085,0.7265064234775853,-0.5884508551600227,-0.8904296597880573,-1.3829589059219698,-0.025990829656734618,-0.35287682825777533,-0.6102406987989208,1
-0.40120692124646845,-0.6027210066047268,0.5944733873241923,0.5977982459143203,0.12146803141708803,0.4662670614863192,-0.4721435740317021,-0.35287682825777533,0.17442931562235256,1
-0.3361594836384152,-0.9008425723354836,0.6014224944901602,0.1326025200028133,0.15464500489921737,0.4662670614863192,-0.39282753058726355,-0.35287682825777533,1.519577911773107,1
0.600523617916935,2.0058426935394036,0.7404046378095214,-1.7746999562343655,-1.0563145271987513,-1.498535528884988,0.08306873007936771,-0.35287682825777533,-0.6102406987989208,1
-0.3968704254059059,-0.9604668854816365,0.6500662446519367,-0.3325932059086936,0.22099895186349963,0.6588947664246824,-0.21436643283727724,-0.35287682825777533,-0.6102406987989208,1
-0.33182298779794894,-0.9157486506220212,0.6153207088220963,-0.1930344881352414,0.6025341469080461,0.7744713893877004,-0.32342599257337956,-0.35287682825777533,-0.6102406987989208,1
-0.46625435885442534,-0.06610218828936104,0.5666769586603201,-0.6582302140467489,0.32052987230988766,0.3121648975356283,-0.48205807946225665,-0.35287682825777533,-0.6102406987989208,1
-0.27544854187092455,-0.6623453197508771,0.5944733873241923,-0.5186714962732967,0.5693571734259167,0.8900480123507186,-0.38291302515670894,-0.35287682825777533,-0.6102406987989208,1
-0.14969016249547695,-0.31950551916050507,0.5527787443283839,-0.05347577036178967,-0.027828349252529375,0.6588947664246824,-0.48205807946225665,-0.35287682825777533,-0.6102406987989208,1
-0.4619178630139591,-0.8263121809027957,0.5527787443283839,-0.23955406072639215,0.635711120390199,0.5433181434616646,-0.48205807946225665,-0.35287682825777533,-0.6102406987989208,1
-0.2581025585088669,-1.2884006077854684,0.5805751729922561,-0.006956197770638925,0.8181844745419456,0.5818436844493369,-0.37299851972615433,-0.35287682825777533,-0.6102406987989208,1
-0.1887186250602511,-0.5132845368854988,0.5597278514943521,-0.355852992204269,0.33711835905096416,0.6974203074123551,-0.4225710468789273,-0.35287682825777533,-0.6102406987989208,1
-0.2581025585088669,-1.1542459032066275,0.6083716016561284,-0.3093334196131183,0.7020650673544576,0.7359458484000277,-0.22428093826783185,-0.35287682825777533,0.9590993300436259,1
-0.3491689711600066,-0.8710304157624084,0.5666769586603201,-0.6814900003423242,1.0172463154347453,0.5433181434616646,-0.363084014295598,-0.35287682825777533,-0.6102406987989208,1
-0.22774708762512155,-0.8561243374758708,0.5527787443283839,-0.47215192368214587,0.5195917132027109,0.7359458484000277,-0.3531695088650434,-0.17144576279475474,1.8558650608107952,1
-0.3231499961168238,-1.2734945294989308,0.5458296371624161,-0.1232551292485158,1.2163081563275686,0.6974203074123551,-0.363084014295598,-0.35287682825777533,0.062333599276456264,1
-0.19305512090081367,-1.0946215900604772,0.5944733873241923,-0.21629427443081678,0.4864147397205815,0.5818436844493369,-0.1647939056845025,-0.35287682825777533,-0.6102406987989208,1
-1.1297382224561638,-0.20025689286820447,0.5319314228304799,-0.5186714962732967,0.1380565181581409,0.5433181434616646,-0.3432550034344888,-0.35287682825777533,-0.6102406987989208,1
0.35334335500650604,0.6941078043240709,0.5875242801582241,-0.26281384702196753,-1.4046727487611683,0.350690438523301,-0.13505038939283873,-0.1311277482474168,-0.6102406987989208,1
-0.132344179133323,-1.0200911986277867,0.5527787443283839,-0.1930344881352414,0.5030032264616344,0.8515224713630459,-0.23419544369838646,-0.35287682825777533,-0.6102406987989208,1
1.671638090528858,1.1711023094932838,0.7890483879712976,-1.7746999562343655,-1.4710266957254505,-1.1903312009836065,0.6481955396209921,-0.35287682825777533,-0.6102406987989208,1
1.671638090528858,1.1711023094932838,0.7890483879712976,-1.7746999562343655,-1.4710266957254505,-1.1903312009836065,0.6481955396209921,-0.35287682825777533,-0.6102406987989208,1
-0.14969016249547695,-0.9455608071950989,0.5666769586603201,-0.7280095729334745,0.6191226336491225,0.8515224713630459,-0.1449648948233933,-0.35287682825777533,-0.6102406987989208,1
-0.314477004435795,-1.0648094334873994,0.5110841013325755,-0.541931282568872,0.9011269082472808,0.6588947664246824,-0.27385346542060485,-0.35287682825777533,-0.6102406987989208,1
-0.2104011042629676,-0.31950551916050507,0.4902367798346715,-0.23955406072639215,0.17123349164029383,0.6588947664246824,-0.32342599257337956,-0.35287682825777533,-0.6102406987989208,1
1.6586286030072666,0.4556105517394645,0.8029466023032338,-1.6584010247564889,-1.4876151824665034,-0.9591779550575702,0.8167421319404238,-0.35287682825777533,-0.6102406987989208,1
-0.18004563337922228,-1.0349972769143243,0.5180332084985437,-0.5651910688644474,0.4864147397205815,0.7744713893877004,-0.15487940025394792,-0.35287682825777533,2.528439358886173,1
0.3143148924416356,0.09786467286255489,0.5527787443283839,-0.1930344881352414,-1.1724339343862158,0.5047926024739919,0.08306873007936771,-0.35287682825777533,-0.6102406987989208,1
0.17988352138515915,-0.34931767573358286,0.4763385655027354,-0.5884508551600227,0.10487954467601157,0.5818436844493369,-0.08547786224006397,-0.35287682825777533,1.1832907627354183,1
2.3481314416521877,0.8431685871894493,0.7056591019796813,-1.6816608110520643,-1.8027964305468147,-1.5370610698726603,0.8960581753848623,-0.35287682825777533,0.5107164646600411,1
1.7150030489341945,-0.31950551916050507,0.7543028521414575,-1.4955825206874613,-1.106079987421957,-1.113280119008261,1.0943482839959577,-0.35287682825777533,-0.6102406987989208,1
0.30564190076060677,0.23201937744139567,0.4624403511707993,-0.47215192368214587,-0.9567836067523396,0.6588947664246824,-0.0061618187956254235,-0.35287682825777533,-0.6102406987989208,1
2.1356431454660667,0.44070447345292696,0.7195573163116173,-1.7746999562343655,-1.5042036692075798,-1.2673822829589516,1.134006305718178,-0.35287682825777533,1.1832907627354183,1
0.4270637842955881,-0.33441159744704524,0.4485421368388632,-0.355852992204269,-0.4923059780024345,0.6974203074123551,0.2218718061071356,-0.35287682825777533,0.6228121810059373,1
-0.08464272488742372,0.008428203143326814,0.12888320720433272,-0.5651910688644474,0.30394138556883477,0.5047926024739919,0.1128122463710315,-0.35287682825777533,-0.6102406987989208,1
0.04111565448802388,-0.4238480671662707,0.10803588570642837,-0.355852992204269,0.32052987230988766,0.5047926024739919,0.15247026809325165,-0.35287682825777533,-0.6102406987989208,1
-0.21473760010353016,-0.31950551916050507,0.08718856420852435,-0.3325932059086936,0.5361801999437873,0.350690438523301,0.1028977409404769,-0.35287682825777533,0.39862074831414485,1
-0.2537660626683043,-1.4523674689373869,0.01769749254884374,-0.3325932059086936,1.4817239441846504,0.5433181434616646,0.14255576266269707,-0.35287682825777533,2.0800564935025876,1
-1.285852072715453,-0.6474392414643395,0.5458296371624161,-0.7280095729334745,0.5361801999437873,0.7744713893877004,-0.5613741229066952,-0.35287682825777533,2.528439358886173,1
-0.015258791438904226,-0.8263121809027957,0.5527787443283839,-0.3325932059086936,0.4864147397205815,0.6974203074123551,-0.48205807946225665,-0.35287682825777533,-0.6102406987989208,1
-0.3188135002763576,0.08295859457601731,0.7334555306435535,-0.6117106414555982,0.5527686866848402,0.6588947664246824,-0.8786382966844494,-0.35287682825777533,-0.6102406987989208,1
-0.3188135002763576,-0.05119611000282347,0.677862673315809,-0.5651910688644474,0.22099895186349963,0.5818436844493369,-0.6406901663511337,-0.35287682825777533,0.6228121810059373,1
0.33599737164435206,0.2618315340144708,0.6500662446519367,-0.7512693592290499,-0.027828349252529375,-1.0747545780205883,-0.15487940025394792,-0.35287682825777533,-0.6102406987989208,1
0.6482250721628342,0.5748591780317678,0.6222698159880645,-0.26281384702196753,-1.5539691294307856,-1.1518056599959337,-0.24410994912894105,1.0380946736253827,-0.6102406987989208,1
1.4938417610669483,0.12767682943563002,0.81684481663517,-1.286244444027283,-1.4378497222432975,-0.7280247091315342,0.6184520233293266,-0.35287682825777533,0.6228121810059373,1
1.7323490322963484,1.1114779963471308,0.7820992808053298,-1.5188423069830368,-2.1677431388503083,-1.614112151848006,0.7671696047876491,-0.35287682825777533,-0.6102406987989208,1
1.4938417610669483,0.08295859457601731,0.7334555306435535,-1.2397248714361324,-1.0729030139398041,-0.9206524140698976,0.6878535613432105,-0.35287682825777533,0.17442931562235256,1
1.177277564708,0.3959862385933116,0.6292189231540324,-0.7280095729334745,-1.1558454476451627,-1.2673822829589516,0.47964894730156044,-0.35287682825777533,-0.6102406987989208,1
1.407111844256275,-0.5580027717451115,0.6709135661498408,-1.3095042303228586,-0.724544792377387,-0.8821268730822249,0.9258016916765262,-0.35287682825777533,1.2953864790813145,1
1.407111844256275,-0.5580027717451115,0.6709135661498408,-1.3095042303228586,-0.5586599249667168,-0.8821268730822249,0.9258016916765262,-0.35287682825777533,1.2953864790813145,1
1.407111844256275,-0.4536602237393485,0.6222698159880645,-1.2397248714361324,-0.7577217658595163,-0.7280247091315342,0.8960581753848623,-0.35287682825777533,1.1832907627354183,1
2.048913228655297,-0.1704447362951267,0.6222698159880645,-1.4258031618007354,-1.106079987421957,-1.1518056599959337,1.2430658654542803,-0.35287682825777533,-0.2739535497612323,1
-1.0993827515724186,2.1399973981182443,0.6848117804817769,0.7140971773921971,-1.3051418283147567,-0.997703496045243,-1.1265009324483186,-0.35287682825777533,0.7349078973518334,2
0.08881710873392316,0.32145584716062375,0.8237939238011381,-0.37911277849984437,-1.1558454476451627,0.4662670614863192,-0.591117639198359,-0.35287682825777533,2.528439358886173,2
-1.0169893306023077,-0.4983784585989612,0.6292189231540324,0.20238187888953943,0.735242040836587,0.9670990943260641,-1.0769284052955448,-0.35287682825777533,-0.6102406987989208,2
-0.8522024886619896,-0.12572650143551398,0.6153207088220963,0.3186808103674163,0.3537068457920406,0.7359458484000277,-1.0174413727122165,-0.35287682825777533,-0.6102406987989208,2
-1.0039798430807163,-0.6027210066047268,0.6083716016561284,0.24890145148069018,0.7518305275776634,1.1597267992644271,-1.0075268672816609,-0.35287682825777533,-0.6102406987989208,2
-1.029998818123899,-0.6027210066047268,0.6222698159880645,0.17912209259396406,0.7684190143187399,1.0441501763014092,-0.9480398346983324,-0.35287682825777533,-0.6102406987989208,2
-0.7914915468944989,0.023334281429864386,0.6431171374859685,0.24890145148069018,-0.4425405177792287,0.9285735533383913,-0.8786382966844494,-0.35287682825777533,-0.6102406987989208,2
-0.8695484720241435,-0.632533163177802,0.6222698159880645,0.24890145148069018,0.28735289882775833,0.7359458484000277,-0.8687237912538948,-0.35287682825777533,-0.6102406987989208,2
-0.9302594137916341,0.7388260391836837,0.5805751729922561,-0.4256323510909951,0.3702953325330935,-0.1886671353041166,-0.9678688455594416,-0.35287682825777533,0.9590993300436259,2
-1.029998818123899,-0.9008425723354836,0.5805751729922561,1.0862537581214027,0.33711835905096416,1.0441501763014092,-0.9381253292677778,-0.35287682825777533,-0.6102406987989208,2
-1.0213258264428702,-0.8412182591893332,0.5805751729922561,1.597969056624061,0.00534862422959997,1.0441501763014092,-0.9381253292677778,-0.35287682825777533,-0.6102406987989208,2
-1.0169893306023077,-0.25988120601435477,0.5319314228304799,-0.006956197770638925,0.8513614480240751,0.7359458484000277,-1.0471848890038802,-0.35287682825777533,-0.6102406987989208,2
-0.7871550510540326,-0.021383953429748328,0.6014224944901602,-0.4256323510909951,0.254175925345629,1.0056246353137368,-0.8092367586705654,-0.35287682825777533,-0.6102406987989208,2
-1.012652834761745,-0.4983784585989612,0.5805751729922561,0.27216123777626555,0.3537068457920406,1.0056246353137368,-0.8588092858233384,-0.35287682825777533,0.39862074831414485,2
-1.285852072715453,1.2307266226394342,0.2817635648556297,1.5049299114417594,-0.6250138719309755,1.313828963215118,-1.1265009324483186,-0.35287682825777533,-0.6102406987989208,2
-0.8782214637051723,-0.09591434486243883,0.6222698159880645,0.1326025200028133,0.10487954467601157,0.11953719259726492,-0.7001771989344613,-0.35287682825777533,-0.6102406987989208,2
-1.121065230775135,-0.27478728430089233,0.5597278514943521,0.08608294741166257,0.984069341952616,-0.1501415943164439,-0.8786382966844494,-0.35287682825777533,-0.6102406987989208,2
-0.7914915468944989,-0.0362900317162859,0.5597278514943521,0.20238187888953943,-0.011239862511452916,0.9670990943260641,-0.8290657695316747,-0.35287682825777533,0.5107164646600411,2
-0.9085769345889176,-0.6176270848912644,0.5666769586603201,0.10934273370723795,0.3868838192741699,0.6974203074123551,-0.7894077478094562,-0.35287682825777533,-0.6102406987989208,2
-0.8131740260972155,-1.303306686072006,0.5527787443283839,1.016474399234677,0.9508923684704866,0.8129969303753732,-0.8290657695316747,-0.35287682825777533,0.39862074831414485,2
0.05846163785017783,-0.7368757111835676,0.7334555306435535,-0.7512693592290499,-0.6250138719309755,0.8515224713630459,0.04341070835714932,-0.35287682825777533,1.8558650608107952,2
-0.9649513805159421,-0.7815939460431803,0.5249823156645117,0.039563374820511824,0.6688880938723283,0.0810116516095922,-0.6406901663511337,-0.35287682825777533,-0.6102406987989208,2
-1.038671809805024,-0.4536602237393485,0.5041349941666077,0.3419405966629917,1.0006578286936925,-1.344433364934297,-0.5217161011844751,-0.35287682825777533,1.519577911773107,2
-1.029998818123899,-0.27478728430089233,0.4554912440048311,0.08608294741166257,0.735242040836587,-0.11161605332877117,-0.6902626935039068,-0.35287682825777533,-0.6102406987989208,2
-0.8608754803431147,-1.0648094334873994,0.4485421368388632,0.1326025200028133,1.033834802175822,0.9670990943260641,-0.6704336826427976,-0.35287682825777533,-0.6102406987989208,2
0.1408550588202887,-0.09591434486243883,0.5180332084985437,-0.006956197770638925,-0.6581908454131048,0.350690438523301,-0.313511487142825,-0.35287682825777533,-0.6102406987989208,2
0.05846163785017783,-0.6027210066047268,0.6500662446519367,-0.8675682907069268,-0.5254829514845638,0.8515224713630459,0.211957300676581,-0.35287682825777533,1.071195046389522,2
-0.36651495452216054,-1.6014282518027654,0.3929492795111187,-0.6349704277511735,1.4817239441846504,0.7744713893877004,-0.016076324226180022,-0.35287682825777533,2.0800564935025876,2
-0.6006857299109981,-1.1244337466335523,0.1358323143703006,0.644317818505471,0.9177153949883338,1.1982523402521,-0.37299851972615433,-0.35287682825777533,-0.6102406987989208,2
-0.07163323736583233,-0.6921574763239523,0.1914251716980451,-0.006956197770638925,0.43664927949737575,0.6974203074123551,-0.12513588396228412,-0.0706507264264099,-0.6102406987989208,2
-0.7481265884891621,-1.0051851203412492,0.11498499287239658,0.01630358852493645,1.0172463154347453,0.5818436844493369,-0.12513588396228412,-0.1311277482474168,1.8558650608107952,2
-0.4228894004490886,-1.6014282518027654,0.024646599714811954,0.45823952814086805,0.3537068457920406,1.0826757172890817,0.31110235498212874,-0.35287682825777533,-0.6102406987989208,2
-0.032604774801058174,-1.1989641380662428,0.052443028378683886,-1.4025433755051602,1.4817239441846504,-0.26571821727946204,0.4994779581626696,-0.35287682825777533,1.6316736281190032,2
2.3481314416521877,0.5599530997452302,0.3234582078514381,-1.7746999562343655,-2.3336280062609784,-1.3059078239466244,2.680669152884727,-0.35287682825777533,-0.6102406987989208,2
2.3481314416521877,0.6046713346048429,0.14973052870223674,-0.6117106414555982,-2.3336280062609784,-1.3059078239466244,1.8577652021486777,-0.35287682825777533,-0.6102406987989208,2
2.3481314416521877,-1.6014282518027654,-1.865510549428499,1.039734185530252,-0.7743102526005928,1.313828963215118,2.680669152884727,-0.35287682825777533,2.528439358886173,2
2.3481314416521877,-1.6014282518027654,-1.865510549428499,1.55144948403291,-2.3336280062609784,0.6203692254370096,2.680669152884727,5.997210462947946,2.528439358886173,2
2.3481314416521877,-1.6014282518027654,-1.865510549428499,-1.007127008480379,-2.3336280062609784,-1.1518056599959337,2.680669152884727,-0.35287682825777533,2.0800564935025876,2
1.710666553093632,1.4990360317971156,-1.865510549428499,-1.007127008480379,0.021937110970676427,-1.2288567419712788,2.581524098579179,-0.35287682825777533,0.2865250319682487,2
-0.041277766482087,0.44070447345292696,-1.865510549428499,-1.7746999562343655,1.4817239441846504,-1.614112151848006,2.056055310759775,-0.35287682825777533,-0.6102406987989208,2
2.3481314416521877,-1.6014282518027654,-1.865510549428499,-1.542102093278612,0.9177153949883338,-1.614112151848006,2.680669152884727,-0.35287682825777533,-0.6102406987989208,2
2.3481314416521877,-1.6014282518027654,-1.865510549428499,-1.5886216658697627,0.7020650673544576,-1.614112151848006,2.680669152884727,-0.35287682825777533,-0.6102406987989208,2
2.3481314416521877,-1.169151981493165,-1.865510549428499,-1.7746999562343655,-1.0563145271987513,-1.3829589059219698,2.680669152884727,-0.35287682825777533,-0.6102406987989208,2
0.279622925717424,0.05314643800294218,0.7959974951372659,-0.4023725647954198,-0.17712472992214678,0.5818436844493369,-0.7001771989344613,-0.35287682825777533,0.9590993300436259,2
0.0844806128933606,-0.4834723803124236,0.8932849954608187,-0.5651910688644474,-0.35959808407389354,0.6974203074123551,-0.48205807946225665,-0.35287682825777533,-0.6102406987989208,2
0.08014411705279804,-0.021383953429748328,0.8376921381330742,-0.23955406072639215,-0.45912900452030514,0.350690438523301,-0.6307756609205791,-0.35287682825777533,-0.6102406987989208,2
0.006423687763715989,-0.27478728430089233,0.8446412452990422,-0.05347577036178967,-0.5420714382256403,0.5047926024739919,-0.6010321446289136,-0.35287682825777533,0.5107164646600411,2
-0.5182923089408872,0.44070447345292696,0.6917608876477451,0.8769156814612248,-0.989960580234469,0.8515224713630459,-1.027355878142771,-0.35287682825777533,-0.6102406987989208,2
-0.6700696633596138,-0.18535081458166425,0.6639644589838729,0.2256416651851148,-0.21030170340427612,0.8900480123507186,-0.8786382966844494,-0.35287682825777533,2.528439358886173,2
-0.7611360760107536,0.20220722086832052,0.6153207088220963,0.08608294741166257,-0.34300959733281705,0.8515224713630459,-0.9480398346983324,-0.35287682825777533,-0.6102406987989208,2
0.07147112537176921,-0.25988120601435477,0.7473537449754893,-0.26281384702196753,-0.4259520310381522,0.6203692254370096,-0.49197258489281126,-0.35287682825777533,-0.6102406987989208,2
-0.7134346217649505,-0.7368757111835676,0.5944733873241923,0.4349797418452932,0.5030032264616344,0.8515224713630459,-0.8786382966844494,-0.35287682825777533,1.743769344464899,2
-0.6093587215921232,-0.2896933625874299,0.5944733873241923,0.10934273370723795,0.30394138556883477,0.5433181434616646,-0.8092367586705654,-0.35287682825777533,-0.6102406987989208,2
-0.5226288047814498,0.08295859457601731,0.5527787443283839,0.644317818505471,-0.22689019014535258,0.7744713893877004,-0.9182963184066678,-0.35287682825777533,-0.6102406987989208,2
1.515524240269665,-0.33441159744704524,0.6917608876477451,-0.6582302140467489,0.15464500489921737,0.4662670614863192,-0.39282753058726355,-0.35287682825777533,-0.6102406987989208,2
0.19289300890675054,-0.7368757111835676,0.677862673315809,0.29542102407184095,-0.24347867688640548,0.6203692254370096,-0.363084014295598,-0.35287682825777533,0.7349078973518334,2
-0.6960886384027967,-0.7219696328970301,0.6431171374859685,-0.4023725647954198,0.15464500489921737,0.5433181434616646,-0.313511487142825,-0.35287682825777533,-0.6102406987989208,2
1.0992206395783555,0.5301409431721524,-0.2811141155877827,-0.006956197770638925,-1.106079987421957,0.27363935654795557,0.9258016916765262,-0.35287682825777533,1.2953864790813145,2
1.0428461936514273,0.18730114258178296,-0.41314715174117567,0.5512786733231695,-0.7908987393416458,0.42774152049864644,0.6481955396209921,0.19141636813128654,1.2953864790813145,2
0.8346943933057726,0.8282625089029118,-0.9273810820228116,0.45823952814086805,-1.4876151824665034,-0.11161605332877117,1.6297315772459184,-0.35287682825777533,1.4074821954272108,2
1.515524240269665,0.4854227083125397,-1.1636507256657254,-0.16977470183966603,-0.7743102526005928,-0.34276929925480726,2.2047728922180974,-0.35287682825777533,-0.6102406987989208,2
2.3481314416521877,0.4108923168798492,-1.865510549428499,-0.16977470183966603,-2.3336280062609784,-0.8821268730822249,2.680669152884727,-0.35287682825777533,0.5107164646600411,2
-0.0629602456848035,0.008428203143326814,0.9002341026267866,-0.5884508551600227,-0.2766556503685584,0.6203692254370096,-0.7596642315177907,-0.35287682825777533,-0.6102406987989208,2
-0.11933469161173162,0.4257983951663894,0.8654885667969465,0.24890145148069018,-1.4046727487611683,0.4662670614863192,-0.7001771989344613,-0.35287682825777533,1.071195046389522,2
-0.07163323736583233,-0.14063257972205154,0.809895709469202,-0.4256323510909951,0.20441046512242317,0.38921597951097375,-0.7894077478094562,-0.35287682825777533,-0.6102406987989208,2
-0.16703614585763088,-0.34931767573358286,0.8446412452990422,-0.3093334196131183,-0.5420714382256403,0.5047926024739919,-0.4721435740317021,-0.35287682825777533,2.528439358886173,2
-0.09331571656854884,-0.632533163177802,0.7751501736393616,-0.821048718115776,0.6854765806133811,0.5433181434616646,-0.5316306066150297,-0.35287682825777533,0.7349078973518334,2
-0.5052828214192958,-0.7965000243297179,0.6500662446519367,0.3186808103674163,0.5030032264616344,0.7359458484000277,-0.7993222532400108,-0.35287682825777533,-0.6102406987989208,2
-0.6657331675190513,-0.9455608071950989,0.5805751729922561,0.24890145148069018,1.1665426961043628,0.9285735533383913,-1.0075268672816609,-0.35287682825777533,-0.6102406987989208,2
-0.6657331675190513,-0.8263121809027957,0.6083716016561284,0.4814993144364434,0.8015959878008693,0.8900480123507186,-0.9182963184066678,-0.35287682825777533,-0.6102406987989208,2
-0.5963492340705319,-0.14063257972205154,0.5944733873241923,0.4117199555497178,-0.19371321666319966,1.0056246353137368,-0.7993222532400108,-0.35287682825777533,-0.6102406987989208,2
0.10182659625551455,-0.33441159744704524,0.6570153518179047,-0.8443085044113514,0.28735289882775833,0.5818436844493369,-0.5018870903233659,-0.17144576279475474,1.2953864790813145,2
-0.7177711176054169,-0.8561243374758708,0.573626065826288,0.01630358852493645,0.5859456601669931,1.0056246353137368,-0.6803481880733522,-0.2319227846157616,2.192152209848484,2
-0.5139558131003247,-0.632533163177802,0.5458296371624161,0.830396108870074,0.10487954467601157,0.9285735533383913,-0.7299207152261269,-0.35287682825777533,-0.6102406987989208,2
-0.726444109286542,-0.6474392414643395,0.34430552934934244,-0.47215192368214587,0.5195917132027109,0.6203692254370096,-0.10530687310117316,-0.35287682825777533,2.0800564935025876,2
0.04978864616905271,-0.8561243374758708,0.6848117804817769,-0.4488921373865705,-0.14394775644001745,0.7744713893877004,-0.23419544369838646,-0.35287682825777533,2.528439358886173,2
-0.2537660626683043,0.3363619254471613,0.677862673315809,-0.7512693592290499,0.18782197838134673,-1.1903312009836065,-0.313511487142825,-0.35287682825777533,-0.6102406987989208,3
-0.9432689013132256,-0.14063257972205154,0.5875242801582241,-0.21629427443081678,0.021937110970676427,0.5433181434616646,-0.5812031337678044,-0.35287682825777533,-0.6102406987989208,3
-0.6830791508812053,-0.27478728430089233,0.6153207088220963,-0.1232551292485158,0.07170257119388224,0.5433181434616646,-0.4721435740317021,-0.35287682825777533,0.5107164646600411,3
-0.800164538575624,-1.6014282518027654,0.5805751729922561,-0.1930344881352414,0.3868838192741699,0.5818436844493369,-0.38291302515670894,-0.35287682825777533,-0.6102406987989208,3
-0.7047616300838254,-0.4238480671662707,0.5319314228304799,0.7606167499833479,-0.2932441371096113,0.6974203074123551,-0.5316306066150297,-0.35287682825777533,1.2953864790813145,3
1.298699448242885,1.3350691706451998,0.8446412452990422,-1.4025433755051602,-1.9189158377342792,-1.614112151848006,0.5688794961765535,-0.35287682825777533,-0.6102406987989208,3
-0.2104011042629676,0.32145584716062375,0.6709135661498408,-1.7746999562343655,0.5693571734259167,-1.3829589059219698,0.013667192065483771,-0.35287682825777533,-0.6102406987989208,3
-0.9432689013132256,-0.006477875143210756,0.4971858870006394,-0.49541170997772127,0.05511408445280577,0.6588947664246824,-0.591117639198359,-0.35287682825777533,-0.6102406987989208,3
-0.5790032507083779,-0.8412182591893332,0.6222698159880645,-0.2860736333175429,-0.07759380947573517,0.7359458484000277,-0.12513588396228412,-0.35287682825777533,-0.6102406987989208,3
-0.7871550510540326,-0.5729088500316517,0.4971858870006394,-0.4023725647954198,0.5859456601669931,0.38921597951097375,-0.33334049800393417,-0.35287682825777533,-0.6102406987989208,3
-0.7481265884891621,-0.021383953429748328,0.4902367798346715,-0.355852992204269,-0.027828349252529375,0.38921597951097375,-0.26393895999005024,-0.35287682825777533,-0.6102406987989208,3
1.2726804731997023,0.9027929003355996,0.7473537449754893,-1.7746999562343655,-1.4378497222432975,-1.1903312009836065,0.7275115830654306,-0.35287682825777533,-0.6102406987989208,3
-0.223410591784559,0.15748898600870517,0.5041349941666077,0.20238187888953943,-1.0231375537165983,0.6203692254370096,-0.12513588396228412,-0.35287682825777533,-0.6102406987989208,3
-0.13668067497388556,0.11277075114909246,0.4693894583367672,0.45823952814086805,-1.1890224211272922,0.5818436844493369,-0.10530687310117316,-0.35287682825777533,0.39862074831414485,3
0.019433175285307375,-0.14063257972205154,0.4554912440048311,0.24890145148069018,-0.857252686305928,0.5433181434616646,0.07315422464881312,-0.35287682825777533,-0.6102406987989208,3
0.4617557510197997,0.32145584716062375,0.5944733873241923,-1.5886216658697627,-0.011239862511452916,-0.997703496045243,-0.025990829656734618,-0.050491719152740984,2.0800564935025876,3
1.662965098847829,1.141290152920206,0.7612519593074254,-1.2164650851405572,-2.1511546521092315,-0.7280247091315342,0.2218718061071356,-0.35287682825777533,2.528439358886173,3
-1.285852072715453,0.8729807437625244,-0.0031498289490602856,2.295762645491321,-2.3336280062609784,1.313828963215118,-1.1265009324483186,4.082104771949395,-0.6102406987989208,5
0.3793623300496888,-1.0349972769143243,-0.5799257237244089,0.9932146129391016,0.05511408445280577,0.6974203074123551,1.1637498220098417,-0.35287682825777533,-0.6102406987989208,5
1.4895052652263858,-1.6014282518027654,-0.5590784022265048,0.29542102407184095,0.33711835905096416,0.19658827457261013,2.472464538843077,-0.35287682825777533,-0.6102406987989208,5
1.4027753484157124,-1.6014282518027654,-0.6772132240479617,0.29542102407184095,1.2992505900329037,0.6203692254370096,2.680669152884727,-0.35287682825777533,-0.6102406987989208,5
0.6135331054385263,-1.169151981493165,-1.865510549428499,0.5047591007320188,1.4817239441846504,-0.1501415943164439,2.591438604009734,-0.35287682825777533,-0.6102406987989208,5
-0.7004251342433592,-0.8412182591893332,-1.865510549428499,0.9234352540523755,1.4817239441846504,1.313828963215118,1.2430658654542803,-0.35287682825777533,-0.6102406987989208,5
0.7219455014519163,-0.23006904944127962,-1.865510549428499,0.7606167499833479,0.6191226336491225,0.19658827457261013,2.3832339899680837,-0.35287682825777533,-0.6102406987989208,5
2.3481314416521877,0.023334281429864386,-1.865510549428499,0.3419405966629917,-0.724544792377387,-0.38129484024247995,2.680669152884727,-0.35287682825777533,-0.6102406987989208,5
-1.285852072715453,-0.6027210066047268,-1.865510549428499,2.295762645491321,-2.3336280062609784,1.313828963215118,-1.1265009324483186,-0.35287682825777533,-0.6102406987989208,5
-1.285852072715453,-0.632533163177802,-1.865510549428499,2.295762645491321,-2.3336280062609784,1.313828963215118,-1.1265009324483186,-0.35287682825777533,-0.6102406987989208,5
0.9344337976380374,-0.06610218828936104,-1.865510549428499,-0.07673555665736505,-0.6747793321541813,-0.34276929925480726,2.680669152884727,-0.35287682825777533,-0.6102406987989208,5
0.9994812352460906,-0.8561243374758708,-0.7467042957076421,1.7142679881019371,-0.7908987393416458,1.313828963215118,0.7770841102182037,0.13093934631027962,2.528439358886173,5
1.2640074815186735,-0.6772513980374147,-1.636190012951553,0.17912209259396406,1.2163081563275686,-1.113280119008261,2.333661462815309,-0.35287682825777533,2.528439358886173,5
0.33599737164435206,0.8580746654759869,-0.20467393676213388,0.29542102407184095,-0.47571749126135804,-1.614112151848006,0.6481955396209921,-0.35287682825777533,-0.6102406987989208,6
0.4747652385414874,0.54504702145869,-0.19077572243019775,-0.5651910688644474,0.17123349164029383,-1.614112151848006,0.8464856482320876,-0.35287682825777533,-0.6102406987989208,6
0.006423687763715989,1.543754266656731,-0.30891054425165465,0.4349797418452932,-0.45912900452030514,-1.614112151848006,0.3408458712737925,-0.35287682825777533,-0.6102406987989208,6
0.1061630920960771,0.9922293700548277,-0.34365608008149506,0.5280188870275941,0.021937110970676427,-1.614112151848006,0.4003329038571219,-0.35287682825777533,-0.6102406987989208,6
-1.285852072715453,1.454317796937503,-0.6563659025500574,0.24890145148069018,1.4817239441846504,-1.614112151848006,-1.1265009324483186,-0.35287682825777533,-0.6102406987989208,6
0.26227694235527005,2.1399973981182443,-1.3234801904829907,0.7140971773921971,-0.26006716362748195,-1.614112151848006,1.0249467459820738,-0.35287682825777533,-0.6102406987989208,6
0.38369882589025134,1.0816658397740557,-1.865510549428499,1.5281896977373342,0.1380565181581409,-1.614112151848006,1.9469957510236726,-0.35287682825777533,-0.6102406987989208,6
0.6135331054385263,1.6928150495221095,-1.865510549428499,-1.7746999562343655,1.3656045369971859,-1.614112151848006,2.284088935662536,-0.35287682825777533,-0.6102406987989208,6
-1.285852072715453,2.1399973981182443,-1.865510549428499,-1.7746999562343655,1.4817239441846504,-1.614112151848006,-1.1265009324483186,-0.35287682825777533,-0.6102406987989208,6
-1.285852072715453,0.3959862385933116,0.35820374368127855,0.8769156814612248,0.254175925345629,1.313828963215118,-1.1265009324483186,2.0460450373088306,-0.6102406987989208,7
0.04545215032858644,1.3350691706451998,0.3998983866770866,1.8305669195798147,-2.3336280062609784,1.313828963215118,-1.1265009324483186,2.9330413573502647,-0.6102406987989208,7
2.1139606662633503,0.023334281429864386,0.4554912440048311,-0.47215192368214587,-0.45912900452030514,0.6974203074123551,-0.08547786224006397,-0.35287682825777533,-0.6102406987989208,7
1.8190789491070218,2.1399973981182443,-0.33670697291552687,1.4584103388506087,-2.3336280062609784,1.313828963215118,0.836571142801533,-0.35287682825777533,-0.6102406987989208,7
2.3307854582900336,2.1399973981182443,-0.5938239380563449,-0.2860736333175429,-2.3336280062609784,-0.4198203812301527,-0.3035969817122704,3.0338363937186092,-0.6102406987989208,7
-0.9302594137916341,0.6792017260375334,-0.6285694738861852,0.830396108870074,0.735242040836587,-1.614112151848006,-0.24410994912894105,1.1792077245410655,-0.6102406987989208,7
-0.9779608680375335,2.1250913198317067,-1.865510549428499,2.2027235003090198,1.033834802175822,-1.614112151848006,-0.15487940025394792,0.937299637257038,0.39862074831414485,7
-0.8868944553862974,1.1561962312067435,-1.865510549428499,2.295762645491321,1.332427563515033,-1.4600099878973152,0.1227267518015861,0.453483462688983,0.39862074831414485,7
-0.4705908546949879,1.9760305369663285,-1.865510549428499,1.3188516210771564,0.6025341469080461,-1.614112151848006,-0.38291302515670894,2.852405328255589,0.2865250319682487,7
-0.6267047049542771,1.6928150495221095,-1.865510549428499,1.2723320484860057,1.0504232889168983,-1.614112151848006,-0.39282753058726355,2.812087313708251,0.17442931562235256,7
-1.2251411309479623,1.0667597614875182,-1.865510549428499,2.295762645491321,1.2163081563275686,-1.3059078239466244,0.15247026809325165,0.8768226154360311,-0.04976211706943987,7
-1.1774396767020632,0.6642956477509931,-1.865510549428499,2.295762645491321,0.9508923684704866,-1.0747545780205883,0.48956345273211505,1.2800027609094105,-0.49814498245302463,7
-0.4358988879707763,1.901500145533638,-1.865510549428499,2.109684355126718,1.033834802175822,-1.614112151848006,0.033496202926592965,0.977617651804376,-0.6102406987989208,7
-1.285852072715453,1.4245056403644278,-1.865510549428499,2.295762645491321,0.735242040836587,-1.4600099878973152,0.16238477352380626,0.937299637257038,-0.6102406987989208,7
-0.9476053971537881,2.1399973981182443,-1.865510549428499,2.295762645491321,0.6522996071312518,-1.4214844469096426,-0.08547786224006397,0.7155505572466795,-0.6102406987989208,7
-1.285852072715453,2.1399973981182443,-1.865510549428499,1.9003462784665401,1.3987815104793153,-1.614112151848006,-0.5712886283372498,0.9171406299833691,-0.6102406987989208,7
-0.7567995801702873,-1.6014282518027654,-1.865510549428499,-0.5651910688644474,1.4817239441846504,1.313828963215118,0.013667192065483771,-0.35287682825777533,-0.6102406987989208,7
-1.285852072715453,2.1250913198317067,-1.865510549428499,2.295762645491321,1.4817239441846504,-1.614112151848006,-0.5217161011844751,0.7760275790676865,-0.6102406987989208,7
-0.7351171009675708,2.050560928399019,-1.865510549428499,1.295591834781581,0.7518305275776634,-1.614112151848006,-0.6307756609205791,3.094313415539616,-0.6102406987989208,7
-0.9129134304294803,2.1399973981182443,-1.865510549428499,1.946865851057691,1.0670117756579511,-1.614112151848006,-0.20445192740672088,0.9977766590780449,-0.6102406987989208,7
-0.4142164087680598,2.1399973981182443,-1.865510549428499,0.8536558951656494,0.5527686866848402,-1.614112151848006,-0.3035969817122704,2.7717692991609133,-0.6102406987989208,7
-0.7914915468944989,2.1399973981182443,-1.865510549428499,1.016474399234677,0.7518305275776634,-1.614112151848006,-0.24410994912894105,2.4290661755085408,-0.6102406987989208,7
0.015096679444841107,1.4394117186509654,-1.865510549428499,0.9001754677568001,0.33711835905096416,1.313828963215118,-1.1265009324483186,5.452917266558884,-0.6102406987989208,7
-0.8131740260972155,1.4095995620778876,-1.865510549428499,2.295762645491321,0.32052987230988766,-1.614112151848006,0.5292214744543334,0.7357095645203485,-0.6102406987989208,7
-0.8868944553862974,1.0667597614875182,-1.865510549428499,2.295762645491321,-0.07759380947573517,-1.3059078239466244,0.26152982782935397,1.7839779427511342,-0.6102406987989208,7
-0.618031713273152,2.1399973981182443,-1.865510549428499,1.295591834781581,0.6688880938723283,-1.614112151848006,-0.5118015957539205,2.852405328255589,-0.6102406987989208,7
1.029836706129836,1.39469348379135,-1.865510549428499,1.365371193668307,1.2660736165507744,-1.614112151848006,-0.4721435740317021,2.9532003646239335,-0.6102406987989208,7
-0.7654725718513161,1.4245056403644278,-1.865510549428499,1.179292903303704,1.4817239441846504,-1.614112151848006,-0.43248555230948194,2.812087313708251,-0.6102406987989208,7
-0.5052828214192958,1.2009144660663589,-1.865510549428499,1.5049299114417594,1.1665426961043628,-1.614112151848006,-0.2936824762817158,3.0136773864449404,-0.6102406987989208,7
